{"indices": ["airplane", "ant", "apple", "ashtray", "axe"], "spearman": [[0.18696130389184115, 0.15201317723636745, 0.0015131874730848159, 0.097137401460717004, 0.071025724201586218], [0.10131394243602826, 0.094456272766495583, 0.027328028236604244, 0.091438346801691966, 0.074210708457919383], [0.010777699098664642, 0.023857396893270891, 0.12280536767275266, 0.034220345975022513, 0.036101878848556153], [0.11195219385457501, 0.094041412337463839, 0.045189909959884894, 0.090307123696383357, 0.052256495239720611], [-0.0017313258494932686, 0.015120379818694497, 0.068648006645656665, 0.023152991044133823, 0.043684618387290985]], "abs": [[0.019881533607906249, 0.020184286655488232, 0.020814187629383998, 0.018734231658989482, 0.021723549492663044], [0.01621798093400699, 0.016520733981588986, 0.017150634955484752, 0.015070678985090225, 0.018059996818763784], [0.007360479522299665, 0.0076632325698816478, 0.0082931335437774201, 0.0062131775733829039, 0.0092024954070564595], [0.0098768427697855255, 0.010179595817367515, 0.010809496791263291, 0.0087295408208687628, 0.011718858654542325], [0.010747766945911509, 0.011050519993493496, 0.011680420967389273, 0.0096004649969947519, 0.012589782830668309]], "ce": [[433.16853791073373, 492.59641558075464, 806.31086435485497, 532.68667505181406, 706.59361109002612], [499.80098440062505, 501.63506950096047, 638.18813774190573, 449.01366096371913, 582.47684433573841], [311.61489206944066, 359.41809493433396, 231.83034674407176, 316.06871935530347, 364.34837943331388], [304.22574894159516, 327.59243883923841, 414.33713844356873, 299.93755382236844, 429.16909700410156], [367.82984089420648, 472.89425652626858, 405.63091863519253, 426.85428552648295, 461.49755314577749]], "cos_sim": [[0.040003200962140502, 0.043987814838208773, 0.042236713757885867, 0.051385274822057563, 0.042445220796019617], [0.039118186825086644, 0.046810291600876276, 0.051104670744088219, 0.058196698900947225, 0.046072105899354225], [0.034397039014065267, 0.041663241895146301, 0.048018578719974857, 0.047566087538122914, 0.037274861082197838], [0.024902499384741889, 0.027629502220704587, 0.03045858785731281, 0.037902959601648037, 0.026143070914798238], [0.036816205057444214, 0.046907510591311624, 0.051090645588955999, 0.051778055983417517, 0.041387312477852121]]}