{"indices": ["airplane", "ant", "apple", "ashtray", "axe", "banana", "barn", "basket", "bathtub", "bed"], "spearman": [[0.18696130389184115, 0.15201317723636745, 0.0015131874730848159, 0.097137401460717004, 0.071025724201586218, 0.12927343892130386, 0.13289826394941764, 0.11995880695922358, 0.12281315197282698, 0.086833548968673901], [0.10131394243602826, 0.094456272766495583, 0.027328028236604244, 0.091438346801691966, 0.074210708457919383, 0.086848754824772251, 0.081138175350766645, 0.10704619499633608, 0.098980840079102114, 0.10888811868749128], [0.010777699098664642, 0.023857396893270891, 0.12280536767275266, 0.034220345975022513, 0.036101878848556153, 0.029400765423871631, 0.062266211830924539, 0.063706037830832687, 0.040908829333030028, 0.05837680700333852], [0.11195219385457501, 0.094041412337463839, 0.045189909959884894, 0.090307123696383357, 0.052256495239720611, 0.080043315515842511, 0.072175302922738813, 0.067206020740952901, 0.094370736057226873, 0.086151301539319075], [-0.0017313258494932686, 0.015120379818694497, 0.068648006645656665, 0.023152991044133823, 0.043684618387290985, 0.0066636260244093267, 0.025663955028950348, 0.059972858061574701, 0.02749234052671734, 0.035958368777722259], [0.12081482769105184, 0.10947768527295927, 0.041904386435588484, 0.097722684277541091, 0.050066101988337865, 0.073689991120581416, 0.113129190859715, 0.089664398908549839, 0.090577310272081837, 0.078221841274310644], [0.14145957513447716, 0.12553397641221309, 0.048855409376260997, 0.10999021444377928, 0.068564795741741388, 0.1024439446010659, 0.10815923239535405, 0.10906696700758899, 0.11368922221853021, 0.11974253198053333], [0.0015219042994799432, 0.023121248692878158, 0.047495462435405318, 0.031373283985607119, 0.02636884527390429, 0.020502205224942564, 0.033982607242678757, 0.065445910297571117, 0.04542087191909662, 0.030027283282530577], [0.099288872657169777, 0.094187177276447709, 0.026158695877820111, 0.089771541971705449, 0.063669543191410258, 0.085977716470232293, 0.076952520841941555, 0.10333464388087832, 0.10642140414224126, 0.14424599593287429], [0.055861000950986492, 0.057470043295360908, 0.049114620586115626, 0.043703861016534444, 0.029685955567418088, 0.049100670457406015, 0.07116733021036839, 0.056080996712142679, 0.064999509590522378, 0.046283673842144005]], "abs": [[0.019881533607906249, 0.020184286655488232, 0.020814187629383998, 0.018734231658989482, 0.021723549492663044, 0.020684010345228945, 0.016428791844080883, 0.01643121107790347, 0.01968553065927655, 0.018989128885885886], [0.01621798093400699, 0.016520733981588986, 0.017150634955484752, 0.015070678985090225, 0.018059996818763784, 0.017020457671329692, 0.012765239170181649, 0.012767658404004222, 0.016021977985377286, 0.015325576211986628], [0.007360479522299665, 0.0076632325698816478, 0.0082931335437774201, 0.0062131775733829039, 0.0092024954070564595, 0.0081629562596223625, 0.0039077377584743186, 0.0039101569922968919, 0.0071644765736699652, 0.0064680748002793054], [0.0098768427697855255, 0.010179595817367515, 0.010809496791263291, 0.0087295408208687628, 0.011718858654542325, 0.010679319507108227, 0.0064241010059601878, 0.0064265202397827551, 0.0096808398211558379, 0.0089844380477651711], [0.010747766945911509, 0.011050519993493496, 0.011680420967389273, 0.0096004649969947519, 0.012589782830668309, 0.011550243683234212, 0.007295025182086164, 0.0072974444159087373, 0.010551763997281824, 0.0098553622238911516], [0.01874649661185741, 0.019049249659439389, 0.019679150633335158, 0.017599194662940642, 0.020588512496614204, 0.019548973349180102, 0.015293754848032045, 0.015296174081854635, 0.018550493663227707, 0.017854091889837043], [0.020036274554548164, 0.020339027602130147, 0.020968928576025919, 0.0188889726056314, 0.021878290439304966, 0.02083875129187086, 0.016583532790722801, 0.016585952024545395, 0.019840271605918468, 0.019143869832527804], [0.0098387651546432697, 0.01014151820222526, 0.010771419176121039, 0.0086914632057265139, 0.011680781039400071, 0.010641241891965973, 0.0063860233908179295, 0.006388442624640501, 0.0096427622060135821, 0.0089463604326229188], [0.011524712327218316, 0.011827465374800306, 0.012457366348696083, 0.010377410378301555, 0.013366728211975112, 0.012327189064541019, 0.0080719705633929793, 0.0080743897972155448, 0.011328709378588629, 0.010632307605197963], [0.014110749508794259, 0.014413502556376251, 0.015043403530272026, 0.0129634475598775, 0.015952765393551057, 0.014913226246116965, 0.01065800774496892, 0.010660426978791488, 0.013914746560164575, 0.013218344786773906]], "ce": [[433.16853791073373, 492.59641558075464, 806.31086435485497, 532.68667505181406, 706.59361109002612, 541.10960865236461, 379.54793984020858, 403.43516636067909, 522.17593531749606, 580.12238962901279], [499.80098440062505, 501.63506950096047, 638.18813774190573, 449.01366096371913, 582.47684433573841, 519.34915898161989, 410.10539644208643, 352.9607248969084, 469.20327666245981, 423.70514174407589], [311.61489206944066, 359.41809493433396, 231.83034674407176, 316.06871935530347, 364.34837943331388, 354.53351280130624, 229.21109362646237, 230.8293418177858, 315.68060851641587, 279.78419250992198], [304.22574894159516, 327.59243883923841, 414.33713844356873, 299.93755382236844, 429.16909700410156, 352.29196339393144, 279.27421119815256, 288.81876003620073, 314.0823505624075, 314.37950930015393], [367.82984089420648, 472.89425652626858, 405.63091863519253, 426.85428552648295, 461.49755314577749, 493.98641829472882, 379.48004380430865, 313.87132958868511, 433.99955535817503, 408.3360606196722], [527.55857956356203, 541.38035335215091, 691.20607021832791, 504.29687877621819, 706.99105306575677, 617.41800558214129, 390.78335805802146, 441.83431995406886, 555.18118702873949, 560.00556138047637], [526.19006209578788, 544.73225758968965, 713.81144702329584, 515.86755216597192, 711.1501108070554, 594.22879577278661, 435.74467105874754, 422.39293758558301, 543.53435400327328, 508.93089262074733], [335.39737764681877, 394.81539490404668, 386.22786188682784, 365.78452772063895, 430.29760889090949, 415.3005561820699, 309.11036173587155, 267.6598042043978, 358.28183897072324, 373.74878234562436], [371.88600445800859, 376.50801214645963, 494.93639730818541, 344.51654682997844, 460.41470707392557, 388.11618155832582, 307.68277181902249, 252.86446421120684, 334.70069612731965, 253.94571800491721], [400.09700931146705, 504.31453473581757, 540.82416387831449, 484.78961902817406, 593.23949916888807, 525.05891651577758, 384.24397269508574, 408.64085216289948, 471.91202499047483, 493.05574006573056]],